<?xml version="1.0" encoding="UTF-8" standalone="yes" ?>
<CodeBlocks_plugin_manifest_file>
    <SdkVersion major="1" minor="33"  release="0" />
    <Plugin name="Wordfisher">
        <Value title="Wordfisher" />
        <Value version="0.1" />
        <Value description="This is a simple find and replace program. It does things." />
        <Value author="Zach Nelson and Saito Shohei" />
        <Value authorEmail="zach.nelson@uleth.ca" />
        <Value authorWebsite="" />
        <Value thanksTo="The hard working students of CPSC 3720!" />
        <Value license="GPL" />
    </Plugin>
</CodeBlocks_plugin_manifest_file>
